puzzle_number,start_key,end_key,public_key
31,40000000,0x7fffffff,0387dc70db1806cd9a9a76637412ec11dd998be666584849b3185f7f9313c8fd28
32,80000000,0xffffffff,0209c58240e50e3ba3f833c82655e8725c037a2294e14cf5d73a5df8d56159de69
33,100000000,0x1ffffffff,03a355aa5e2e09dd44bb46a4722e9336e9e3ee4ee4e7b7a0cf5785b283bf2ab579
34,200000000,03ffffffff,033cdd9d6d97cbfe7c26f902faf6a435780fe652e159ec953650ec7b1004082790
35,400000000,0x7ffffffff,02f6a8148a62320e149cb15c544fe8a25ab483a0095d2280d03b8a00a7feada13d
36,800000000,0xfffffffff,02b3e772216695845fa9dda419fb5daca28154d8aa59ea302f05e916635e47b9f6
37,1000000000,0x1fffffffff,027d2c03c3ef0aec70f2c7e1e75454a5dfdd0e1adea670c1b3a4643c48ad0f1255
38,2000000000,0x3fffffffff,03c060e1e3771cbeccb38e119c2414702f3f5181a89652538851d2e3886bdd70c6
39,4000000000,0x7fffffffff,022d77cd1467019a6bf28f7375d0949ce30e6b5815c2758b98a74c2700bc006543
40,8000000000,0xffffffffff,03a2efa402fd5268400c77c20e574ba86409ededee7c4020e4b9f0edbee53de0d4
41,10000000000,0x1ffffffffff,03b357e68437da273dcf995a474a524439faad86fc9effc300183f714b0903468b
42,20000000000,0x3ffffffffff,03eec88385be9da803a0d6579798d977a5d0c7f80917dab49cb73c9e3927142cb6
43,40000000000,0x7ffffffffff,02a631f9ba0f28511614904df80d7f97a4f43f02249c8909dac92276ccf0bcdaed
44,80000000000,0xfffffffffff,025e466e97ed0e7910d3d90ceb0332df48ddf67d456b9e7303b50a3d89de357336
45,100000000000,0x1fffffffffff,026ecabd2d22fdb737be21975ce9a694e108eb94f3649c586cc7461c8abf5da71a
46,200000000000,0x3fffffffffff,03fd5487722d2576cb6d7081426b66a3e2986c1ce8358d479063fb5f2bb6dd5849
47,400000000000,0x7fffffffffff,023a12bd3caf0b0f77bf4eea8e7a40dbe27932bf80b19ac72f5f5a64925a594196
48,800000000000,0xffffffffffff,0291bee5cf4b14c291c650732faa166040e4c18a14731f9a930c1e87d3ec12debb
49,1000000000000,0x1ffffffffffff,02591d682c3da4a2a698633bf5751738b67c343285ebdc3492645cb44658911484
50,2000000000000,0x3ffffffffffff,03f46f41027bbf44fafd6b059091b900dad41e6845b2241dc3254c7cdd3c5a16c6
51,4000000000000,0x7ffffffffffff,028c6c67bef9e9eebe6a513272e50c230f0f91ed560c37bc9b033241ff6c3be78f
52,8000000000000,0xfffffffffffff,0374c33bd548ef02667d61341892134fcf216640bc2201ae61928cd0874f6314a7
53,10000000000000,0x1fffffffffffff,020faaf5f3afe58300a335874c80681cf66933e2a7aeb28387c0d28bb048bc6349
54,20000000000000,0x3fffffffffffff,034af4b81f8c450c2c870ce1df184aff1297e5fcd54944d98d81e1a545ffb22596
55,40000000000000,0x7fffffffffffff,0385a30d8413af4f8f9e6312400f2d194fe14f02e719b24c3f83bf1fd233a8f963
56,80000000000000,0xffffffffffffff,033f2db2074e3217b3e5ee305301eeebb1160c4fa1e993ee280112f6348637999a
57,100000000000000,0x1ffffffffffffff,02a521a07e98f78b03fc1e039bc3a51408cd73119b5eb116e583fe57dc8db07aea
58,200000000000000,0x3ffffffffffffff,0311569442e870326ceec0de24eb5478c19e146ecd9d15e4666440f2f638875f42
59,400000000000000,0x7ffffffffffffff,0241267d2d7ee1a8e76f8d1546d0d30aefb2892d231cee0dde7776daf9f8021485
60,800000000000000,0xfffffffffffffff,0348e843dc5b1bd246e6309b4924b81543d02b16c8083df973a89ce2c7eb89a10d
61,1000000000000000,0x1fffffffffffffff,0249a43860d115143c35c09454863d6f82a95e47c1162fb9b2ebe0186eb26f453f
62,2000000000000000,0x3fffffffffffffff,03231a67e424caf7d01a00d5cd49b0464942255b8e48766f96602bdfa4ea14fea8
63,4000000000000000,0x7fffffffffffffff,0365ec2994b8cc0a20d40dd69edfe55ca32a54bcbbaa6b0ddcff36049301a54579
64,8000000000000000,0xffffffffffffffff,03100611c54dfef604163b8358f7b7fac13ce478e02cb224ae16d45526b25d9d4d
65,10000000000000000,0x1ffffffffffffffff,0230210c23b1a047bc9bdbb13448e67deddc108946de6de639bcc75d47c0216b1b
66,20000000000000000,0x3ffffffffffffffff,024ee2be2d4e9f92d2f5a4a03058617dc45befe22938feed5b7a6b7282dd74cbdd
70,200000000000000000,0x3fffffffffffffffff,0290e6900a58d33393bc1097b5aed31f2e4e7cbd3e5466af958665bc0121248483
75,4000000000000000000,0x7ffffffffffffffffff,03726b574f193e374686d8e12bc6e4142adeb06770e0a2856f5e4ad89f66044755
80,80000000000000000000,0xffffffffffffffffffff,037e1238f7b1ce757df94faa9a2eb261bf0aeb9f84dbf81212104e78931c2a19dc
85,1000000000000000000000,0x1fffffffffffffffffffff,0329c4574a4fd8c810b7e42a4b398882b381bcd85e40c6883712912d167c83e73a
90,20000000000000000000000,0x3ffffffffffffffffffffff,035c38bd9ae4b10e8a250857006f3cfd98ab15a6196d9f4dfd25bc7ecc77d788d5
95,400000000000000000000000,0x7fffffffffffffffffffffff,02967a5905d6f3b420959a02789f96ab4c3223a2c4d2762f817b7895c5bc88a045
100,8000000000000000000000000,0xfffffffffffffffffffffffff,03d2063d40402f030d4cc71331468827aa41a8a09bd6fd801ba77fb64f8e67e617
105,100000000000000000000000000,0x1ffffffffffffffffffffffffff,03bcf7ce887ffca5e62c9cabbdb7ffa71dc183c52c04ff4ee5ee82e0c55c39d77b
110,2000000000000000000000000000,0x3fffffffffffffffffffffffffff,0309976ba5570966bf889196b7fdf5a0f9a1e9ab340556ec29f8bb60599616167d
115,40000000000000000000000000000,0x7ffffffffffffffffffffffffffff,0248d313b0398d4923cdca73b8cfa6532b91b96703902fc8b32fd438a3b7cd7f55
120,800000000000000000000000000000,0xffffffffffffffffffffffffffffff,02ceb6cbbcdbdf5ef7150682150f4ce2c6f4807b349827dcdbdd1f2efa885a2630
125,10000000000000000000000000000000,0x1fffffffffffffffffffffffffffffff,0233709eb11e0d4439a729f21c2c443dedb727528229713f0065721ba8fa46f00e
130,200000000000000000000000000000000,0x3ffffffffffffffffffffffffffffffff,03633cbe3ec02b9401c5effa144c5b4d22f87940259634858fc7e59b1c09937852
135,4000000000000000000000000000000000,0x7fffffffffffffffffffffffffffffffff,02145d2611c823a396ef6712ce0f712f09b9b4f3135e3e0aa3230fb9b6d08d1e16
140,80000000000000000000000000000000000,0xfffffffffffffffffffffffffffffffffff,031f6a332d3c5c4f2de2378c012f429cd109ba07d69690c6c701b6bb87860d6640
145,1000000000000000000000000000000000000,0x1ffffffffffffffffffffffffffffffffffff,03afdda497369e219a2c1c369954a930e4d3740968e5e4352475bcffce3140dae5
150,20000000000000000000000000000000000000,0x3fffffffffffffffffffffffffffffffffffff,03137807790ea7dc6e97901c2bc87411f45ed74a5629315c4e4b03a0a102250c49
155,400000000000000000000000000000000000000,0x7ffffffffffffffffffffffffffffffffffffff,035cd1854cae45391ca4ec428cc7e6c7d9984424b954209a8eea197b9e364c05f6
160,8000000000000000000000000000000000000000,0xffffffffffffffffffffffffffffffffffffffff,02e0a8b039282faf6fe0fd769cfbc4b6b4cf8758ba68220eac420e32b91ddfa673
